Workbook

Sheet Dashboard
A1: Refer to "Procurement-Dashboard.html" file.

Sheet Code
A1: Project Metadata Title | B1: Project Metadata Values | C1: Project Metadata Data Type | E1: Discipline Code | F1: Discipline Description | H1: Criticality Code | I1: Criticality | K1: Status Code | L1: Package Status | N1: Category Code | O1: Item Category | Q1: Error Code | R1: Error Description | S1: Severity | T1: Group | U1: Kind | V1: Trigger Check
A2: Project Title | B2: TWRP C3B2 | C2: Text | E2: A | F2: Architecture | H2: 0 | I2: Not Applicable | K2: NS | L2: Not Start | N2: BSW | O2: Building Service Work Package | Q2: V-01 | R2: Rows inside the data range with a blank Package Title are skipped | S2: info | T2: Structure / Rows | U2: system | V2: Row in range has no Package Title
A3: Project Code | B3: C3B2 | C3: Text | E3: B | F3: Building Services | H3: 1 | I3: Factory In-house Quality Control | K3: MR | L3: Requisition in Progress | N3: CAB | O3: Cable | Q3: V-02 | R3: Value is a number but not a real Excel date | S3: error | T3: Dates | U3: data | V3: Date field is a number but not in the Excel date range (40000–70000)
A4: Client | B4: PUB | C4: Text | E4: C | F4: Civil | H4: 2 | I4: Third Party Inspection | K4: VI | L4: Pending Vendor Approval | N4: CTL | O4: Cable Tray and Ladder | Q4: V-03 | R4: Text value cannot be read as a date | S4: error | T4: Dates | U4: data | V4: Date field is text that cannot be parsed
A5: Consultant | B5: Jacobs | C5: Text | E5: D | F5: Design Management | H5: 3 | I5: Witness Point | K5: PP | L5: Pending PO Confirmation | N5: CWP | O5: Construction Work Package | Q5: V-04 | R5: Value is not numeric | S5: error | T5: Values / Numeric | U5: data | V5: Quantity or Lead Time is non-numeric
A6: Dashboard Title | B6: Procurement Package Plan | C6: Text | E6: E | F6: Electrical | H6: 4 | I6: FAT Record Submission Only | K6: PO | L6: PO Issued, Prepare Vendor Data Submission | N6: DCS | O6: Design Consultancy Service | Q6: V-05 | R6: Criticality must be one of the listed values; empty count is reported separately | S6: error / warning | T6: Criticality | U6: data | V6: Criticality not in the Code sheet (code or description); aggregate blank count
A7: Project Start Date | B7: 46100 | C7: Date | E7: G | F7: Geotechnical | K7: VDA | L7: Pending Vendor Data Approval | N7: EBK | O7: EICA Bulk | Q7: V-06 | R7: Discipline not found in the Code sheet list | S7: warning | T7: Discipline | U7: data | V7: Discipline not in the Code sheet list
A8: Header Row | B8: 1 | C8: Int | E8: HS | F8: Environmental, Health, Safety & Security | K8: FAB | L8: Fabrication in Progress | N8: EPN | O8: EICA Panels | Q8: V-07 | R8: Status not found in the Code sheet list | S8: error | T8: Status | U8: data | V8: Status not in the Code sheet list (code or description)
A9: List End Row | B9: 300 | C9: Int | E9: I | F9: Instrument, Control & Automation (ICA) | K9: FAT | L9: FAT Completed | N9: EEQ | O9: Electrical Equipment | Q9: V-08 | R9: Stage plan dates are out of sequence | S9: warning | T9: Dates / Stages | U9: data | V9: Stage plan out of sequence (e.g., MR Plan > PO Plan)
A10: S No. | B10: Column-A | C10: Int | E10: IM | F10: Information Management/IT | K10: DEL | L10: Delivered | N10: EQP | O10: Equipment Package | Q10: V-09 | R10: Actual date entered but the Plan is empty | S10: warning | T10: Dates / Stages | U10: data | V10: Actual date present but the matching Plan is empty
A11: Discipline | B11: Column-B | C11: Text | E11: K | F11: Construction Management | K11: RI | L11: Receive Inspection Done | N11: IEQ | O11: ICA Equipment | Q11: V-10 | R11: Actual date is later than today | S11: warning | T11: Dates / Stages | U11: data | V11: Actual date later than today (the as-of date)
A12: Package Title | B12: Column-C | C12: Text | E12: M | F12: Mechanical | N12: IPN | O12: ICA Panel | Q12: V-11 | R12: Duplicate Package No. — appears N times | S12: warning | T12: Identity | U12: data | V12: Duplicate Package No.
A13: Package No. | B13: Column-D | C13: Text | E13: PI | F13: Piping | N13: INS | O13: Instrument | Q13: V-12 | R13: Same engineer written different ways — counted as N separate people | S13: warning | T13: Engineer | U13: data | V13: Same engineer written differently (whitespace / slash-spacing variants)
A14: Item Category | B14: Column-E | C14: Text | E14: PR | F14: Process | N14: MMI | O14: Misc. Mech Item | Q14: V-13 | R14: Rows after List End Row contain a Package Title but are excluded | S14: warning | T14: Structure / Rows | U14: system | V14: PPP rows with a Title beyond List End Row
A15: Area | B15: Column-F | C15: Text | E15: PC | F15: Project Controls | N15: PBK | O15: Piping Bulk | Q15: V-14 | R15: Lead time missing on N packages (X%) | S15: warning | T15: Lead time | U15: data | V15: Lead time missing on more than 50% of packages
A16: Equipment Tags | B16: Column-G | C16: Text | E16: PM | F16: Project Management | N16: PSP | O16: Piping SP | Q16: V-15 | R16: Header Row, List End Row, Project Start Date or Data Type issue | S16: error / warning | T16: Config / Code sheet | U16: system | V16: Code-sheet config / Data-Type mismatch (Header / List End / Start / Type)
A17: Package Notes | B17: Column-H | C17: Text | E17: Q | F17: Quantity Survey/Estimating | N17: REQ | O17: Rotating Equipment | Q17: V-16 | R17: Column C has no Data Type values — fell back to built-in | S17: warning | T17: Config / Code sheet | U17: system | V17: Code sheet column C empty (no Data Types)
A18: Criticality | B18: Column-I | C18: Text | E18: S | F18: Structural | N18: SEQ | O18: Static Equipment | Q18: V-17 | R18: Item Category not found in the Code sheet list (reference only) | S18: info | T18: Category | U18: data | V18: Item Category not in the Code sheet list
A19: Quantity | B19: Column-J | C19: Number | E19: W | F19: Procurement, Contract | N19: VAL | O19: Valve | Q19: V-18 | R19: Lookup block not found in row 1 | S19: warning | T19: Config / Lookup | U19: system | V19: A lookup block absent from Code row 1, or its code column empty
A20: Estimate Lead Time | B20: Column-K | C20: Int | E20: Z | F20: General (non-specific) | N20: PSV | O20: Pressure Vessel | Q20: V-19 | R20: Header Row has no value in the Package Title column | S20: warning | T20: Config / Code sheet | U20: system | V20: PPP Header Row cell at the title column is blank
A21: Package Status | B21: Column-L | C21: Text | Q21: V-20 | R21: Expected N data rows but only M had content | S21: warning | T21: Structure / Rows | U21: system | V21: Expected data rows exceed actual parsed rows
A22: Supplier | B22: Column-M | C22: Text | Q22: V-21 | R22: Rule code has no row in the Code sheet Error table | S22: warning | T22: Config / Workbook | U22: system | V22: A rule code has no row in the Code!Q:R Error table
A23: Design Engineer | B23: Column-N | C23: Text | Q23: V-22 | R23: Lookup code column is empty — values cannot be cross-checked | S23: warning | T23: Config / Lookup | U23: system | V23: A lookup block's CODE column is empty while its description column has values
A24: Buyer | B24: Column-O | C24: Text | Q24: V-23 | R24: No Actual dates entered in any stage for any package | S24: warning | T24: Progress / Execution | U24: data | V24: Execution progress = 0 (no Actual dates in any stage, any package)
A25: Project Engineer | B25: Column-P | C25: Text | Q25: V-24 | R25: Package has no Design Engineer | S25: warning | T25: Engineer | U25: data | V25: Engineer unassigned / blank
A26: MR Plan Date | B26: Column-Q | C26: Date | Q26: V-25 | R26: MR Plan entered for few packages while PO Plan present for many | S26: warning | T26: Dates / Stages | U26: data | V26: Plan-date inconsistency (MR Plan sparse vs PO Plan present)
A27: MR Forecast Date | B27: Column-R | C27: Date
A28: MR Actual Date | B28: Column-S | C28: Date
A29: PO Plan Date | B29: Column-T | C29: Date
A30: PO Forecast Date | B30: Column-U | C30: Date
A31: PO Actual Date | B31: Column-V | C31: Date
A32: VD Approval Plan Date | B32: Column-W | C32: Date
A33: VD Approval Forecast Date | B33: Column-X | C33: Date
A34: VD Approval Actual Date | B34: Column-Y | C34: Date
A35: FAT Plan Date | B35: Column-Z | C35: Date
A36: FAT Forecast Date | B36: Column-AA | C36: Date
A37: FAT Actual Date | B37: Column-AB | C37: Date
A38: ROS Plan Date | B38: Column-AC | C38: Date
... A40: ROS Actual Date | B40: Column-AE | C40: Date

Sheet PPP
A1: S/No. (A1) | B1: Discipline (A2) | C1: Package Title (A3) | D1: Package No. (A4) | E1: Item Category (A5) | F1: Area (A6) | G1: Equipment Tags (A7) | H1: Package Notes (A8) | I1: Criticality (A9) | J1: Quantity (Nos.) (A10) | K1: Estimate Lead Time (Days) (A11) | L1: Package Status (A12) | M1: Supplier (A13) | N1: Design Engineer (B1) | O1: Buyer (B2) | P1: PE (B3) | Q1: MR Plan Date (C1) | R1: MR Forecast Date (C2) | S1: MR Actual Date (C3) | T1: PO Plan Date (D1) | U1: PO Forecast Date (D2) | V1: PO Actual Date (D3) | W1: VD Approval Plan Date (E1) | X1: VD Approval Forecast Date (E2) | Y1: VD Approval Actual Date (E3) | Z1: FAT Plan Date (F1) | AA1: FAT Forecast Date (F2) | AB1: FAT Actual Date (F3) | AC1: ROS Plan Date (G1) | AD1: ROS Forecast Date (G2) | AE1: ROS Actual Date (G3)
A2: 1 | B2: Design Management | C2: CSA Consultant | D2: ="MR-"&_xlfn.XLOOKUP(B2, Code!$F:$F, Code!$E:$E, "NA")&"-"&TEXT(A2,"0000") -> MR-D-0001 | E2: Design Consultancy Service | F2: All | I2: Not Applicable | K2: 30 | L2: PO Issued, Prepare Vendor Data Submission | N2: Mark | Q2: 46218 | T2: 46249 | V2: 46295 | AC2: 46280
A3: 2 | B3: Design Management | C3: HAZOP and ALMOP Consultant | D3: ="MR-"&_xlfn.XLOOKUP(B3, Code!$F:$F, Code!$E:$E, "NA")&"-"&TEXT(A3,"0000") -> MR-D-0002 | E3: Design Consultancy Service | F3: All | H3: [2026/09/11] SO suggested to engage PureTach. | I3: Not Applicable | K3: 30 | L3: Not Start | N3: Kenny | Q3: 46267 | T3: 46327 | AC3: 46402
A4: 3 | B4: Design Management | C4: M&E Consultant (Building Service) | D4: ="MR-"&_xlfn.XLOOKUP(B4, Code!$F:$F, Code!$E:$E, "NA")&"-"&TEXT(A4,"0000") -> MR-D-0003 | E4: Design Consultancy Service | F4: All | I4: Not Applicable | K4: 30 | L4: Not Start | N4: Fadil | Q4: 46157 | T4: 46218 | U4: 46341 | AC4: 46249
A5: 4 | B5: Design Management | C5: Mechanical Consultant | D5: ="MR-"&_xlfn.XLOOKUP(B5, Code!$F:$F, Code!$E:$E, "NA")&"-"&TEXT(A5,"0000") -> MR-D-0004 | E5: Design Consultancy Service | F5: All | I5: Not Applicable | K5: 30 | L5: Not Start | N5: Franklin | Q5: 46540 | T5: 46600 | AC5: 46631
A6: 7 | B6: Project Management | C6: Tank PVC Lining Installation Contractor | D6: ="MR-"&_xlfn.XLOOKUP(B6, Code!$F:$F, Code!$E:$E, "NA")&"-"&TEXT(A6,"0000") -> MR-PM-0007 | E6: Construction Work Package | F6: All | H6: [2026/10/05] PO# 22151 | I6: Not Applicable | K6: 30 | L6: PO Issued, Prepare Vendor Data Submission | M6: VORTEX | N6: Mark | Q6: 46189 | T6: 46249 | V6: 46248 | AC6: 46280
A7: 8 | B7: Project Management | C7: Mechanical Installation Contractor | D7: ="MR-"&_xlfn.XLOOKUP(B7, Code!$F:$F, Code!$E:$E, "NA")&"-"&TEXT(A7,"0000") -> MR-PM-0008 | E7: Construction Work Package | F7: All | I7: Not Applicable | K7: 30 | L7: Not Start | N7: TBC | Q7: 46328 | T7: 46388 | AC7: 46419
A8: 9 | B8: Project Management | C8: Electrical Installation Contractor | D8: ="MR-"&_xlfn.XLOOKUP(B8, Code!$F:$F, Code!$E:$E, "NA")&"-"&TEXT(A8,"0000") -> MR-PM-0009 | E8: Construction Work Package | F8: All | H8: to consider direct sub contracting. | I8: Not Applicable | K8: 30 | L8: Not Start | N8: Ammar | Q8: 46328 | T8: 46388 | AC8: 46419
A9: 128 | B9: Project Management | C9: ICA Installation Contractor | D9: ="MR-"&_xlfn.XLOOKUP(B9, Code!$F:$F, Code!$E:$E, "NA")&"-"&TEXT(A9,"0000") -> MR-PM-0128 | E9: Construction Work Package | F9: All | I9: Not Applicable | K9: 30 | L9: Not Start | N9: Ricarte | Q9: 46328 | T9: 46388 | AC9: 46419
A10: 10 | B10: Project Management | C10: Structure Steel Fabricator | D10: ="MR-"&_xlfn.XLOOKUP(B10, Code!$F:$F, Code!$E:$E, "NA")&"-"&TEXT(A10,"0000") -> MR-PM-0010 | E10: Construction Work Package | F10: All | I10: Not Applicable | K10: 30 | L10: Not Start | N10: TBC | Q10: 46267 | T10: 46327
A11: 11 | B11: Project Management | C11: Structure Steel Installation Contractor | D11: ="MR-"&_xlfn.XLOOKUP(B11, Code!$F:$F, Code!$E:$E, "NA")&"-"&TEXT(A11,"0000") -> MR-PM-0011 | E11: Construction Work Package | F11: All | I11: Not Applicable | K11: 30 | L11: Not Start | N11: TBC | Q11: 45994 | T11: 46419
A12: 12 | B12: Project Management | C12: Concrete Work Contractor | D12: ="MR-"&_xlfn.XLOOKUP(B12, Code!$F:$F, Code!$E:$E, "NA")&"-"&TEXT(A12,"0000") -> MR-PM-0012 | E12: Construction Work Package | F12: All | I12: Not Applicable | K12: 30 | L12: Not Start | N12: TBC | Q12: 46267 | T12: 46327
A13: 13 | B13: Civil | C13: GI grating | D13: ="MR-"&_xlfn.XLOOKUP(B13, Code!$F:$F, Code!$E:$E, "NA")&"-"&TEXT(A13,"0000") -> MR-C-0013 | E13: Construction Work Package | F13: All | I13: Not Applicable | K13: 30 | L13: Not Start | N13: TBC | Q13: 46387 | T13: 46447
A14: 14 | B14: Structural | C14: Aluminium Railing, Ladder and Cover | D14: ="MR-"&_xlfn.XLOOKUP(B14, Code!$F:$F, Code!$E:$E, "NA")&"-"&TEXT(A14,"0000") -> MR-S-0014 | E14: Construction Work Package | F14: All | I14: Not Applicable | K14: 30 | L14: Not Start | N14: TBC | Q14: 46479 | T14: 46539
A15: 20 | B15: Mechanical | C15: Ejector | D15: ="MR-"&_xlfn.XLOOKUP(B15, Code!$F:$F, Code!$E:$E, "NA")&"-"&TEXT(A15,"0000") -> MR-M-0020 | E15: Static Equipment | F15: WIL23 | G15: WIL23 - ILM2 MBR Filtrate Air Ejector 1~9 (TBC) | I15: FAT Record Submission Only | J15: 9 | K15: 60 | L15: Requisition in Progress | N15: Fadhli | Q15: 46274 | T15: =Q15+60 -> 46334 | W15: =T15+60 -> 46394 | Z15: =AC15-30 -> 46364 | AC15: =K15+T15 -> 46394
A16: 26 | B16: Mechanical | C16: CFD analysis/ hydraulic modelling / surge analysis | D16: ="MR-"&_xlfn.XLOOKUP(B16, Code!$F:$F, Code!$E:$E, "NA")&"-"&TEXT(A16,"0000") -> MR-M-0026 | E16: Design Consultancy Service | I16: FAT Record Submission Only | K16: 30 | L16: Requisition in Progress | N16: Kenny/Franklin | Q16: 46235 | T16: 46295 | U16: 46341 | W16: =T16+60 -> 46355 | Z16: =AC16-30 -> 46295 | AC16: 46325
A17: 46 | B17: Piping | C17: Pressure Relief Valve | D17: ="MR-"&_xlfn.XLOOKUP(B17, Code!$F:$F, Code!$E:$E, "NA")&"-"&TEXT(A17,"0000") -> MR-PI-0046 | E17: Valve | I17: FAT Record Submission Only | K17: 30 | L17: Requisition in Progress | N17: Fadhli | Q17: 46235 | T17: 46386 | W17: =T17+60 -> 46446 | Z17: =AC17-30 -> 46386 | AC17: =K17+T17 -> 46416
A18: 47 | B18: Piping | C18: Pressure Reducing Valve - Metal | D18: ="MR-"&_xlfn.XLOOKUP(B18, Code!$F:$F, Code!$E:$E, "NA")&"-"&TEXT(A18,"0000") -> MR-PI-0047 | E18: Valve | I18: FAT Record Submission Only | K18: 30 | L18: Requisition in Progress | N18: Fadhli | Q18: 46235 | T18: 46386 | W18: =T18+60 -> 46446 | Z18: =AC18-30 -> 46386 | AC18: =K18+T18 -> 46416
A19: 48 | B19: Piping | C19: Pressure Sustaning Valve - Metal | D19: ="MR-"&_xlfn.XLOOKUP(B19, Code!$F:$F, Code!$E:$E, "NA")&"-"&TEXT(A19,"0000") -> MR-PI-0048 | E19: Valve | I19: FAT Record Submission Only | K19: 30 | L19: Requisition in Progress | N19: Fadhli | Q19: 46235 | T19: 46386 | W19: =T19+60 -> 46446 | Z19: =AC19-30 -> 46386 | AC19: =K19+T19 -> 46416
A20: 49 | B20: Piping | C20: Plastic Valve (Ball, Check, Back Pressure) | D20: ="MR-"&_xlfn.XLOOKUP(B20, Code!$F:$F, Code!$E:$E, "NA")&"-"&TEXT(A20,"0000") -> MR-PI-0049 | E20: Valve | I20: FAT Record Submission Only | K20: 30 | L20: Requisition in Progress | N20: Fadhli | Q20: 46235 | T20: 46386 | W20: =T20+60 -> 46446 | Z20: =AC20-30 -> 46386 | AC20: =K20+T20 -> 46416
A21: 50 | B21: Piping | C21: Condensate Drain | D21: ="MR-"&_xlfn.XLOOKUP(B21, Code!$F:$F, Code!$E:$E, "NA")&"-"&TEXT(A21,"0000") -> MR-PI-0050 | E21: Valve | I21: FAT Record Submission Only | K21: 30 | L21: Not Start | N21: TBC | Q21: 46235 | T21: 46356 | W21: =T21+60 -> 46416 | Z21: =AC21-30 -> 46356 | AC21: =K21+T21 -> 46386
A22: 52 | B22: Piping | C22: Stainless Steel Piping | D22: ="MR-"&_xlfn.XLOOKUP(B22, Code!$F:$F, Code!$E:$E, "NA")&"-"&TEXT(A22,"0000") -> MR-PI-0052 | E22: Piping Bulk | G22: Cast-in piping may be ordered separately. | I22: FAT Record Submission Only | K22: 60 | L22: Not Start | N22: Dilip/Siva | Q22: 46417 | T22: 46447 | AC22: 46507
A23: 53 | B23: Piping | C23: CSEL Piping | D23: ="MR-"&_xlfn.XLOOKUP(B23, Code!$F:$F, Code!$E:$E, "NA")&"-"&TEXT(A23,"0000") -> MR-PI-0053 | E23: Piping Bulk | G23: Cast-in piping may be ordered separately. | I23: FAT Record Submission Only | K23: 60 | L23: Not Start | N23: Dilip/Siva | Q23: 46417 | T23: 46447 | AC23: 46507
A24: 54 | B24: Piping | C24: DI and DIPU Piping | D24: ="MR-"&_xlfn.XLOOKUP(B24, Code!$F:$F, Code!$E:$E, "NA")&"-"&TEXT(A24,"0000") -> MR-PI-0054 | E24: Piping Bulk | G24: Cast-in piping may be ordered separately. | I24: FAT Record Submission Only | K24: 60 | L24: Not Start | N24: Dilip/Siva | Q24: 46299 | T24: 46359 | AC24: 46419
A25: 55 | B25: Piping | C25: FRP Piping | D25: ="MR-"&_xlfn.XLOOKUP(B25, Code!$F:$F, Code!$E:$E, "NA")&"-"&TEXT(A25,"0000") -> MR-PI-0055 | E25: Piping Bulk | G25: Cast-in piping may be ordered separately. | I25: FAT Record Submission Only | K25: 60 | L25: Not Start | N25: Dilip/Siva | Q25: 46299 | T25: 46359 | AC25: 46419
A26: 56 | B26: Piping | C26: PVC and cPVC Piping | D26: ="MR-"&_xlfn.XLOOKUP(B26, Code!$F:$F, Code!$E:$E, "NA")&"-"&TEXT(A26,"0000") -> MR-PI-0056 | E26: Piping Bulk | G26: Cast-in piping may be ordered separately. | I26: FAT Record Submission Only | K26: 60 | L26: Not Start | N26: Dilip/Siva | Q26: 46419 | T26: 46479 | AC26: 46539
A27: 57 | B27: Piping | C27: HDPE Piping | D27: ="MR-"&_xlfn.XLOOKUP(B27, Code!$F:$F, Code!$E:$E, "NA")&"-"&TEXT(A27,"0000") -> MR-PI-0057 | E27: Piping Bulk | G27: Cast-in piping may be ordered separately. | I27: FAT Record Submission Only | K27: 60 | L27: Not Start | N27: Dilip/Siva | Q27: 46299 | T27: 46359 | AC27: 46419
A28: 58 | B28: Piping | C28: Chemical Valve Box | D28: ="MR-"&_xlfn.XLOOKUP(B28, Code!$F:$F, Code!$E:$E, "NA")&"-"&TEXT(A28,"0000") -> MR-PI-0058 | E28: Piping SP | I28: FAT Record Submission Only | K28: 60 | L28: Not Start | N28: Dilip/Siva | Q28: 46299 | T28: 46479 | AC28: 46539
A29: 59 | B29: Piping | C29: Piping Gasket | D29: ="MR-"&_xlfn.XLOOKUP(B29, Code!$F:$F, Code!$E:$E, "NA")&"-"&TEXT(A29,"0000") -> MR-PI-0059 | E29: Piping Bulk | I29: FAT Record Submission Only | K29: 60 | L29: Not Start | N29: Dilip/Siva | Q29: 46299 | T29: 46359 | AC29: 46419
A30: 60 | B30: Piping | C30: Piping Standard/Primary Support | D30: ="MR-"&_xlfn.XLOOKUP(B30, Code!$F:$F, Code!$E:$E, "NA")&"-"&TEXT(A30,"0000") -> MR-PI-0060 | E30: Piping Bulk | I30: FAT Record Submission Only | K30: 60 | L30: Not Start | N30: Dilip/Siva | Q30: 46299 | T30: 46359 | AC30: 46419
A31: 61 | B31: Piping | C31: Piping Bolts and Nuts | D31: ="MR-"&_xlfn.XLOOKUP(B31, Code!$F:$F, Code!$E:$E, "NA")&"-"&TEXT(A31,"0000") -> MR-PI-0061 | E31: Piping Bulk | I31: FAT Record Submission Only | K31: 60 | L31: Not Start | N31: Dilip/Siva | Q31: 46299 | T31: 46359 | AC31: 46419
A32: 62 | B32: Piping | C32: Piping SP Items (to be separated) | D32: ="MR-"&_xlfn.XLOOKUP(B32, Code!$F:$F, Code!$E:$E, "NA")&"-"&TEXT(A32,"0000") -> MR-PI-0062 | E32: Piping SP | I32: FAT Record Submission Only | K32: 60 | L32: Not Start | N32: Dilip/Siva | Q32: 46299 | T32: 46359 | AC32: 46419
A33: 63 | B33: Piping | C33: Piping Secondary Support (MS) | D33: ="MR-"&_xlfn.XLOOKUP(B33, Code!$F:$F, Code!$E:$E, "NA")&"-"&TEXT(A33,"0000") -> MR-PI-0063 | E33: Piping Bulk | I33: FAT Record Submission Only | K33: 60 | L33: Not Start | N33: TBC | Q33: 46342 | T33: 46402 | AC33: 46462
A34: 64 | B34: Piping | C34: Piping Secondary Support (Unistrut) | D34: ="MR-"&_xlfn.XLOOKUP(B34, Code!$F:$F, Code!$E:$E, "NA")&"-"&TEXT(A34,"0000") -> MR-PI-0064 | E34: Piping Bulk | I34: FAT Record Submission Only | K34: 60 | L34: Not Start | N34: Dilip/Siva | Q34: 46299 | T34: 46359 | AC34: 46419
A35: 69 | B35: Electrical | C35: VDB | D35: ="MR-"&_xlfn.XLOOKUP(B35, Code!$F:$F, Code!$E:$E, "NA")&"-"&TEXT(A35,"0000") -> MR-E-0069 | E35: EICA Panels | H35: Valve Sub-DB(160A) - 5 nos Valve Sub-DB(80A) - 11 nos Valve Sub-DB(63A) - 30 nos Local DB - FP Equipment - 5 nos | J35: 51 | K35: 140 | M35: Sunlight | N35: Ammar | Q35: 46322 | T35: 46382 | W35: =T35+60 -> 46442 | Z35: =AC35-30 -> 46492 | AC35: 46522
A36: 73 | B36: Electrical | C36: MV, LV, and Earthing Cable | D36: ="MR-"&_xlfn.XLOOKUP(B36, Code!$F:$F, Code!$E:$E, "NA")&"-"&TEXT(A36,"0000") -> MR-E-0073 | E36: Cable | I36: FAT Record Submission Only | K36: 84 | L36: Pending Vendor Approval | M36: Tai Jie | N36: Ammar | Q36: 46289 | T36: 46349 | W36: =T36+60 -> 46409 | Z36: =AC36-30 -> 46403 | AC36: 46433
A37: 74 | B37: Electrical | C37: Lighting and Small Power | D37: ="MR-"&_xlfn.XLOOKUP(B37, Code!$F:$F, Code!$E:$E, "NA")&"-"&TEXT(A37,"0000") -> MR-E-0074 | E37: EICA Bulk | H37: Main Breaker 80A TPN MCCB 65KA c/w SHT TRIP - Sub breaker 39×1P 50kA MCB/ 4×3P 50kA MCB - Outgoing breaker 39×2P 40A 30mA RCCB/ 4×4P 40A 100mA RCD | I37: FAT Record Submission Only | J37: 33 | K37: 60 | L37: Requisition in Progress | N37: Ammar | Q37: 46346 | T37: 46407 | W37: =T37+60 -> 46467 | Z37: =AC37-30 -> 46446 | AC37: 46476
A38: 78 | B38: Instrument, Control & Automation (ICA) | C38: LCP Panel | D38: ="MR-"&_xlfn.XLOOKUP(B38, Code!$F:$F, Code!$E:$E, "NA")&"-"&TEXT(A38,"0000") -> MR-I-0078 | E38: EICA Panels | F38: WIL23 | G38: WIL23-LCP-CA-0101 | H38: To confirm LCP panel list Process: 16 nos. Non-process: 1 nos. | I38: FAT Record Submission Only | J38: =16+1 -> 17 | K38: 70 | L38: Not Start | N38: Ricarte | Q38: 46362 | T38: 46422 | W38: =T38+60 -> 46482 | Z38: =AC38-30 -> 46462 | AC38: 46492
A39: 79 | B39: Instrument, Control & Automation (ICA) | C39: ICA Field UPS DB | D39: ="MR-"&_xlfn.XLOOKUP(B39, Code!$F:$F, Code!$E:$E, "NA")&"-"&TEXT(A39,"0000") -> MR-I-0079 | E39: EICA Panels | F39: WIL13 WIL23 | G39: WIL23-UPS-0002 to 0004 WIL13-UPS-0001, 0002 | H39: To confirm UPS panel list | I39: FAT Record Submission Only | J39: =8 -> 8 | K39: 84 | L39: Not Start | N39: Ricarte | Q39: 46501 | T39: 46561 | W39: =T39+60 -> 46621 | Z39: =AC39-30 -> 46615 | AC39: 46645
A40: 80 | B40: Instrument, Control & Automation (ICA) | C40: ICA Junction Box | D40: ="MR-"&_xlfn.XLOOKUP(B40, Code!$F:$F, Code!$E:$E, "NA")&"-"&TEXT(A40,"0000") -> MR-I-0080 | E40: EICA Panels | G40: Refer to panel master list and panel GA | I40: FAT Record Submission Only | K40: 56 | L40: Not Start | N40: Ricarte | Q40: 46345 | T40: 46405 | W40: =T40+60 -> 46465 | Z40: =AC40-30 -> 46431 | AC40: 46461
A41: 81 | B41: Instrument, Control & Automation (ICA) | C41: Instrument, Control, and Communication Cable | D41: ="MR-"&_xlfn.XLOOKUP(B41, Code!$F:$F, Code!$E:$E, "NA")&"-"&TEXT(A41,"0000") -> MR-I-0081 | E41: Cable | G41: Refer to instrument cable schedule | H41: Instrument power, control, signal, data, and fibre optic. To consider separate package for early works. | I41: FAT Record Submission Only | K41: 70 | L41: Pending Vendor Approval | M41: KEI | N41: Ricarte | Q41: 46303 | T41: 46363 | W41: =T41+60 -> 46423 | Z41: =AC41-30 -> 46403 | AC41: 46433
A42: 82 | B42: Instrument, Control & Automation (ICA) | C42: Cable Gland | D42: ="MR-"&_xlfn.XLOOKUP(B42, Code!$F:$F, Code!$E:$E, "NA")&"-"&TEXT(A42,"0000") -> MR-I-0082 | E42: EICA Bulk | G42: Refer to ICA Bulk MTO | H42: Include electrical and ICA | I42: FAT Record Submission Only | K42: 45 | L42: Not Start | N42: Ricarte | Q42: 46402 | T42: 46462 | W42: =T42+60 -> 46522 | Z42: =AC42-30 -> 46462 | AC42: 46492
A43: 83 | B43: Instrument, Control & Automation (ICA) | C43: Cable Raceway | D43: ="MR-"&_xlfn.XLOOKUP(B43, Code!$F:$F, Code!$E:$E, "NA")&"-"&TEXT(A43,"0000") -> MR-I-0083 | E43: Cable Tray and Ladder | G43: Refer to cable tray MTO | H43: SS and Galv. MS, for Electrical and ICA | I43: FAT Record Submission Only | K43: 45 | L43: Pending Vendor Approval | M43: TRI-STAR | N43: Ricarte | Q43: 46297 | T43: 46357 | W43: =T43+60 -> 46417 | Z43: =AC43-30 -> 46372 | AC43: 46402
A44: 84 | B44: Instrument, Control & Automation (ICA) | C44: Pressure Gauge | D44: ="MR-"&_xlfn.XLOOKUP(B44, Code!$F:$F, Code!$E:$E, "NA")&"-"&TEXT(A44,"0000") -> MR-I-0084 | E44: Instrument | F44: WIL00 WIL06 | G44: Refer to Process Instrument List | I44: FAT Record Submission Only | J44: =34+14 -> 48 | K44: 45 | L44: Pending Vendor Approval | M44: BAUMER | N44: Ricarte | Q44: 46356 | T44: 46416 | W44: =T44+60 -> 46476 | Z44: =AC44-30 -> 46431 | AC44: 46461
A45: 85 | B45: Instrument, Control & Automation (ICA) | C45: Pressure Transmitter | D45: ="MR-"&_xlfn.XLOOKUP(B45, Code!$F:$F, Code!$E:$E, "NA")&"-"&TEXT(A45,"0000") -> MR-I-0085 | E45: Instrument | F45: WIL00 WIL21 | G45: Refer to Process Instrument List | I45: FAT Record Submission Only | J45: =56+21 -> 77 | K45: 45 | L45: Pending Vendor Approval | M45: EMERSON | N45: Ricarte | Q45: 46356 | T45: 46416 | W45: =T45+60 -> 46476 | Z45: =AC45-30 -> 46431 | AC45: 46461
A46: 86 | B46: Instrument, Control & Automation (ICA) | C46: Pressure Switch | D46: ="MR-"&_xlfn.XLOOKUP(B46, Code!$F:$F, Code!$E:$E, "NA")&"-"&TEXT(A46,"0000") -> MR-I-0086 | E46: Instrument | F46: WIL00 | G46: Refer to Process Instrument List | I46: FAT Record Submission Only | J46: =31 -> 31 | K46: 45 | L46: Pending Vendor Approval | M46: WIKA INSTRUMENTATION | N46: Ricarte | Q46: 46356 | T46: 46416 | W46: =T46+60 -> 46476 | Z46: =AC46-30 -> 46431 | AC46: 46461
A47: 87 | B47: Instrument, Control & Automation (ICA) | C47: Differential Pressure Transmitter | D47: ="MR-"&_xlfn.XLOOKUP(B47, Code!$F:$F, Code!$E:$E, "NA")&"-"&TEXT(A47,"0000") -> MR-I-0087 | E47: Instrument | F47: WNS03 | G47: Refer to Process Instrument List | I47: FAT Record Submission Only | J47: =6 -> 6 | K47: 45 | L47: Pending Vendor Approval | M47: EMERSON | N47: Ricarte | Q47: 46356 | T47: 46416 | W47: =T47+60 -> 46476 | Z47: =AC47-30 -> 46431 | AC47: 46461
A48: 88 | B48: Instrument, Control & Automation (ICA) | C48: Temperature Transmitter c/w RTD | D48: ="MR-"&_xlfn.XLOOKUP(B48, Code!$F:$F, Code!$E:$E, "NA")&"-"&TEXT(A48,"0000") -> MR-I-0088 | E48: Instrument | F48: WIL21 WIL23 | G48: Refer to Process Instrument List | I48: FAT Record Submission Only | J48: =32 -> 32 | K48: 45 | L48: Pending Vendor Approval | M48: ENDRESS + HAUSER | N48: Ricarte | Q48: 46356 | T48: 46416 | W48: =T48+60 -> 46476 | Z48: =AC48-30 -> 46431 | AC48: 46461
A49: 89 | B49: Instrument, Control & Automation (ICA) | C49: Temperature Switch c/w RTD | D49: ="MR-"&_xlfn.XLOOKUP(B49, Code!$F:$F, Code!$E:$E, "NA")&"-"&TEXT(A49,"0000") -> MR-I-0089 | E49: Instrument | F49: WIL22 | G49: Refer to Process Instrument List | I49: FAT Record Submission Only | J49: =4 -> 4 | K49: 45 | L49: Requisition in Progress | N49: Ricarte | Q49: 46356 | T49: 46416 | W49: =T49+60 -> 46476 | Z49: =AC49-30 -> 46431 | AC49: 46461
A50: 90 | B50: Instrument, Control & Automation (ICA) | C50: Room Temperature Sensor | D50: ="MR-"&_xlfn.XLOOKUP(B50, Code!$F:$F, Code!$E:$E, "NA")&"-"&TEXT(A50,"0000") -> MR-I-0090 | E50: Instrument | F50: WIL21 WIL22 WIL23 | G50: Refer to Process Instrument List | I50: FAT Record Submission Only | J50: =34 -> 34 | K50: 30 | L50: Pending Vendor Approval | M50: KELE & ASSOCIATES | N50: Ricarte | Q50: 46402 | T50: 46462 | W50: =T50+60 -> 46522 | Z50: =AC50-30 -> 46462 | AC50: 46492
A51: 91 | B51: Instrument, Control & Automation (ICA) | C51: Level Transmitter Radar (Non-Contacting) Level Transmitter – RF Admittance Level Switch – Conductive Probe Level Switch – Tuning Fork | D51: ="MR-"&_xlfn.XLOOKUP(B51, Code!$F:$F, Code!$E:$E, "NA")&"-"&TEXT(A51,"0000") -> MR-I-0091 | E51: Instrument | F51: WIL21 WIL22 WIL23 | G51: Refer to Process Instrument List | I51: FAT Record Submission Only | J51: =20+10+66+12 -> 108 | K51: 84 | L51: Pending Vendor Approval | M51: ENDRESS + HAUSER | N51: Ricarte | Q51: 46317 | T51: 46377 | W51: =T51+60 -> 46437 | Z51: =AC51-30 -> 46431 | AC51: 46461
A52: 92 | B52: Instrument, Control & Automation (ICA) | C52: Level Switch Sludge Blanket – Ultrasonic | D52: ="MR-"&_xlfn.XLOOKUP(B52, Code!$F:$F, Code!$E:$E, "NA")&"-"&TEXT(A52,"0000") -> MR-I-0092 | E52: Instrument | G52: Refer to Process Instrument List | I52: FAT Record Submission Only | K52: 112 | L52: Pending Vendor Approval | M52: PULSAR – MAESTRO | N52: Ricarte | Q52: 46289 | T52: 46349 | W52: =T52+60 -> 46409 | Z52: =AC52-30 -> 46431 | AC52: 46461
A53: 93 | B53: Instrument, Control & Automation (ICA) | C53: Level Switch - Ultrasonic | D53: ="MR-"&_xlfn.XLOOKUP(B53, Code!$F:$F, Code!$E:$E, "NA")&"-"&TEXT(A53,"0000") -> MR-I-0093 | E53: Instrument | G53: Refer to Process Instrument List | I53: FAT Record Submission Only | J53: =3 -> 3 | K53: 84 | L53: Requisition in Progress | N53: Ricarte | Q53: 46317 | T53: 46377 | W53: =T53+60 -> 46437 | Z53: =AC53-30 -> 46431 | AC53: 46461
A54: 94 | B54: Instrument, Control & Automation (ICA) | C54: Level Gauge - Magnetic Level Switch for Magnetic Level Gauge | D54: ="MR-"&_xlfn.XLOOKUP(B54, Code!$F:$F, Code!$E:$E, "NA")&"-"&TEXT(A54,"0000") -> MR-I-0094 | E54: Instrument | G54: Refer to Process Instrument List | I54: FAT Record Submission Only | K54: 84 | L54: Requisition in Progress | N54: Ricarte | Q54: 46317 | T54: 46377 | W54: =T54+60 -> 46437 | Z54: =AC54-30 -> 46431 | AC54: 46461
A55: 95 | B55: Instrument, Control & Automation (ICA) | C55: Thermal Mass Flowmeter Thermal Flow Switch | D55: ="MR-"&_xlfn.XLOOKUP(B55, Code!$F:$F, Code!$E:$E, "NA")&"-"&TEXT(A55,"0000") -> MR-I-0095 | E55: Instrument | F55: WIL00 WIL21 WIL22 WIL23 | G55: Refer to Process Instrument List | I55: FAT Record Submission Only | J55: =98+32 -> 130 | K55: 112 | L55: Pending Vendor Approval | M55: ENDRESS + HAUSER | N55: Ricarte | Q55: 46320 | T55: 46380 | W55: =T55+60 -> 46440 | Z55: =AC55-30 -> 46462 | AC55: 46492
A56: 96 | B56: Instrument, Control & Automation (ICA) | C56: Rotameter c/w Flow (Reed) Switch | D56: ="MR-"&_xlfn.XLOOKUP(B56, Code!$F:$F, Code!$E:$E, "NA")&"-"&TEXT(A56,"0000") -> MR-I-0096 | E56: Instrument | F56: WIL21 WIL23 | G56: Refer to Process Instrument List | H56: with flow switch - 20 nos. | I56: FAT Record Submission Only | J56: =23 -> 23 | K56: 70 | L56: Requisition in Progress | N56: Ricarte | Q56: 46362 | T56: 46422 | W56: =T56+60 -> 46482 | Z56: =AC56-30 -> 46462 | AC56: 46492
A57: 97 | B57: Instrument, Control & Automation (ICA) | C57: Flowmeter - Electromagnetic | D57: ="MR-"&_xlfn.XLOOKUP(B57, Code!$F:$F, Code!$E:$E, "NA")&"-"&TEXT(A57,"0000") -> MR-I-0097 | E57: Instrument | F57: WIL00 WIL06 WIL21 WIL22 WIL23 | G57: Refer to Process Instrument List | I57: FAT Record Submission Only | J57: =108 -> 108 | K57: 112 | L57: Requisition in Progress | N57: Ricarte | Q57: 46320 | T57: 46380 | W57: =T57+60 -> 46440 | Z57: =AC57-30 -> 46462 | AC57: 46492
A58: 98 | B58: Instrument, Control & Automation (ICA) | C58: Flowmeter - Open Channel Ultrasonic | D58: ="MR-"&_xlfn.XLOOKUP(B58, Code!$F:$F, Code!$E:$E, "NA")&"-"&TEXT(A58,"0000") -> MR-I-0098 | E58: Instrument | F58: WIL21 WIL22 | G58: Refer to Process Instrument List | I58: FAT Record Submission Only | J58: =11 -> 11 | K58: 112 | L58: Requisition in Progress | N58: Ricarte | Q58: 46320 | T58: 46380 | W58: =T58+60 -> 46440 | Z58: =AC58-30 -> 46462 | AC58: 46492
A59: 99 | B59: Instrument, Control & Automation (ICA) | C59: Low Point Leak Detector | D59: ="MR-"&_xlfn.XLOOKUP(B59, Code!$F:$F, Code!$E:$E, "NA")&"-"&TEXT(A59,"0000") -> MR-I-0099 | E59: Instrument | F59: WIL06 WIL23 | G59: Refer to Process Instrument List | I59: FAT Record Submission Only | J59: =14 -> 14 | K59: 70 | L59: Pending Vendor Approval | M59: IFM ELECTRONIC | N59: Ricarte | Q59: 46392 | T59: 46452 | W59: =T59+60 -> 46512 | Z59: =AC59-30 -> 46492 | AC59: 46522
A60: 100 | B60: Instrument, Control & Automation (ICA) | C60: Hydrogen Sulfide Gas Detector Carbon Monoxide Gas Detector Flammable (LEL) Gas Detector | D60: ="MR-"&_xlfn.XLOOKUP(B60, Code!$F:$F, Code!$E:$E, "NA")&"-"&TEXT(A60,"0000") -> MR-I-0100 | E60: Instrument | F60: WIL21 | G60: Refer to Process Instrument List | H60: LEL detector display | I60: FAT Record Submission Only | J60: =4+4+4 -> 12 | K60: 112 | L60: Pending Vendor Approval | M60: DRAEGER | N60: Ricarte | Q60: 46350 | T60: 46410 | W60: =T60+60 -> 46470 | Z60: =AC60-30 -> 46492 | AC60: 46522
A61: 101 | B61: Instrument, Control & Automation (ICA) | C61: Turbidity Analyser Ammonia Analyser Total Suspended Solid (MLSS) Analyser Nitrate / Nitrite Analyser | D61: ="MR-"&_xlfn.XLOOKUP(B61, Code!$F:$F, Code!$E:$E, "NA")&"-"&TEXT(A61,"0000") -> MR-I-0101 | E61: Instrument | F61: WIL22 WIL23 | G61: Refer to Process Instrument List | I61: FAT Record Submission Only | J61: =13+8+8+8 -> 37 | K61: 112 | L61: Pending Vendor Approval | M61: HACH WATER | N61: Ricarte | Q61: 46350 | T61: 46410 | W61: =T61+60 -> 46470 | Z61: =AC61-30 -> 46492 | AC61: 46522
A62: 102 | B62: Instrument, Control & Automation (ICA) | C62: pH Analyser Dissolved Oxygen Analyser | D62: ="MR-"&_xlfn.XLOOKUP(B62, Code!$F:$F, Code!$E:$E, "NA")&"-"&TEXT(A62,"0000") -> MR-I-0102 | E62: Instrument | F62: WIL21 WIL23 | G62: Refer to Process Instrument List | I62: FAT Record Submission Only | J62: =38+14 -> 52 | K62: 84 | L62: Pending Vendor Approval | M62: EMERSON | N62: Ricarte | Q62: 46378 | T62: 46438 | W62: =T62+60 -> 46498 | Z62: =AC62-30 -> 46492 | AC62: 46522
A63: 103 | B63: Instrument, Control & Automation (ICA) | C63: Toxicity Analyser | D63: ="MR-"&_xlfn.XLOOKUP(B63, Code!$F:$F, Code!$E:$E, "NA")&"-"&TEXT(A63,"0000") -> MR-I-0103 | E63: Instrument | F63: WIL21 | G63: Refer to Process Instrument List | I63: FAT Record Submission Only | J63: =1 -> 1 | K63: 168 | L63: Pending Vendor Approval | M63: AI ANALYTICAL | N63: Ricarte | Q63: 46294 | T63: 46354 | W63: =T63+60 -> 46414 | Z63: =AC63-30 -> 46492 | AC63: 46522
A64: 104 | B64: Instrument, Control & Automation (ICA) | C64: Volatile Organic Compound (VOC) Gas Analyser | D64: ="MR-"&_xlfn.XLOOKUP(B64, Code!$F:$F, Code!$E:$E, "NA")&"-"&TEXT(A64,"0000") -> MR-I-0104 | E64: Instrument | F64: WIL21 | G64: Refer to Process Instrument List | I64: FAT Record Submission Only | J64: =2 -> 2 | K64: 168 | L64: Pending Vendor Approval | M64: HONEYWELL | N64: Ricarte | Q64: 46294 | T64: 46354 | W64: =T64+60 -> 46414 | Z64: =AC64-30 -> 46492 | AC64: 46522
A65: 105 | B65: Instrument, Control & Automation (ICA) | C65: Total Solid Analyser | D65: ="MR-"&_xlfn.XLOOKUP(B65, Code!$F:$F, Code!$E:$E, "NA")&"-"&TEXT(A65,"0000") -> MR-I-0105 | E65: Instrument | F65: WIL22 | G65: Refer to Process Instrument List | I65: FAT Record Submission Only | J65: =2 -> 2 | K65: 120 | L65: Pending Vendor Approval | M65: VALMET - WETEC | N65: Ricarte | Q65: 46342 | T65: 46402 | W65: =T65+60 -> 46462 | Z65: =AC65-30 -> 46492 | AC65: 46522
A66: 106 | B66: Instrument, Control & Automation (ICA) | C66: Orthophosphate Analyser Conductivity Analyser | D66: ="MR-"&_xlfn.XLOOKUP(B66, Code!$F:$F, Code!$E:$E, "NA")&"-"&TEXT(A66,"0000") -> MR-I-0106 | E66: Instrument | F66: WIL23 | G66: Refer to Process Instrument List | I66: FAT Record Submission Only | J66: =1+2 -> 3 | K66: 112 | L66: Pending Vendor Approval | M66: ENDRESS + HAUSER | N66: Ricarte | Q66: 46350 | T66: 46410 | W66: =T66+60 -> 46470 | Z66: =AC66-30 -> 46492 | AC66: 46522
A67: 107 | B67: Instrument, Control & Automation (ICA) | C67: ORP Analyser | D67: ="MR-"&_xlfn.XLOOKUP(B67, Code!$F:$F, Code!$E:$E, "NA")&"-"&TEXT(A67,"0000") -> MR-I-0107 | E67: Instrument | F67: WIL23 | G67: Refer to Process Instrument List | I67: FAT Record Submission Only | J67: =7 -> 7 | K67: 84 | L67: Pending Vendor Approval | M67: YOKOGAWA | N67: Ricarte | Q67: 46378 | T67: 46438 | W67: =T67+60 -> 46498 | Z67: =AC67-30 -> 46492 | AC67: 46522
A68: 108 | B68: Instrument, Control & Automation (ICA) | C68: Portable Analyser | D68: ="MR-"&_xlfn.XLOOKUP(B68, Code!$F:$F, Code!$E:$E, "NA")&"-"&TEXT(A68,"0000") -> MR-I-0108 | E68: Instrument | G68: Refer to Process Instrument List | I68: FAT Record Submission Only | K68: 70 | L68: Requisition in Progress | N68: Ricarte | Q68: 46392 | T68: 46452 | W68: =T68+60 -> 46512 | Z68: =AC68-30 -> 46492 | AC68: 46522
A69: 109 | B69: Instrument, Control & Automation (ICA) | C69: Auto Sampler | D69: ="MR-"&_xlfn.XLOOKUP(B69, Code!$F:$F, Code!$E:$E, "NA")&"-"&TEXT(A69,"0000") -> MR-I-0109 | E69: Instrument | F69: WIL21 WIL23 | G69: Refer to Process Instrument List | I69: FAT Record Submission Only | J69: =6 -> 6 | K69: 112 | L69: Pending Vendor Approval | M69: ENDRESS + HAUSER | N69: Ricarte | Q69: 46350 | T69: 46410 | W69: =T69+60 -> 46470 | Z69: =AC69-30 -> 46492 | AC69: 46522
A70: 110 | B70: Instrument, Control & Automation (ICA) | C70: Weight Transmitter | D70: ="MR-"&_xlfn.XLOOKUP(B70, Code!$F:$F, Code!$E:$E, "NA")&"-"&TEXT(A70,"0000") -> MR-I-0110 | E70: Instrument | F70: WIL21 | G70: Refer to Process Instrument List | H70: Load cell | I70: FAT Record Submission Only | J70: =4 -> 4 | K70: 56 | L70: Pending Vendor Approval | M70: METTLER – TOLEDO | N70: Ricarte | Q70: 46406 | T70: 46466 | W70: =T70+60 -> 46526 | Z70: =AC70-30 -> 46492 | AC70: 46522
A71: 111 | B71: Instrument, Control & Automation (ICA) | C71: Motion Switch | D71: ="MR-"&_xlfn.XLOOKUP(B71, Code!$F:$F, Code!$E:$E, "NA")&"-"&TEXT(A71,"0000") -> MR-I-0111 | E71: Instrument | F71: WIL21 | G71: Refer to Process Instrument List | I71: FAT Record Submission Only | J71: =24 -> 24 | K71: 56 | L71: Pending Vendor Approval | M71: IFM ELECTRONIC | N71: Ricarte | Q71: 46406 | T71: 46466 | W71: =T71+60 -> 46526 | Z71: =AC71-30 -> 46492 | AC71: 46522
A72: 112 | B72: Instrument, Control & Automation (ICA) | C72: Limit Switch | D72: ="MR-"&_xlfn.XLOOKUP(B72, Code!$F:$F, Code!$E:$E, "NA")&"-"&TEXT(A72,"0000") -> MR-I-0112 | E72: Instrument | F72: WIL23 | G72: Refer to Process Instrument List | I72: FAT Record Submission Only | J72: =12 -> 12 | K72: 42 | L72: Requisition in Progress | N72: Ricarte | Q72: 46420 | T72: 46480 | W72: =T72+60 -> 46540 | Z72: =AC72-30 -> 46492 | AC72: 46522
A73: 113 | B73: Instrument, Control & Automation (ICA) | C73: Truck Position Sensor | D73: ="MR-"&_xlfn.XLOOKUP(B73, Code!$F:$F, Code!$E:$E, "NA")&"-"&TEXT(A73,"0000") -> MR-I-0113 | E73: Instrument | F73: WIL21 | G73: Refer to Process Instrument List | I73: FAT Record Submission Only | J73: =4 -> 4 | K73: 56 | L73: Requisition in Progress | N73: Ricarte | Q73: 46437 | T73: 46497 | W73: =T73+60 -> 46557 | Z73: =AC73-30 -> 46523 | AC73: 46553
A74: 114 | B74: Instrument, Control & Automation (ICA) | C74: Vibration Transmitter | D74: ="MR-"&_xlfn.XLOOKUP(B74, Code!$F:$F, Code!$E:$E, "NA")&"-"&TEXT(A74,"0000") -> MR-I-0114 | E74: Instrument | F74: WIL23 | G74: Refer to Process Instrument List | I74: FAT Record Submission Only | J74: =12 -> 12 | K74: 84 | L74: Requisition in Progress | N74: Ricarte | Q74: 46378 | T74: 46438 | W74: =T74+60 -> 46498 | Z74: =AC74-30 -> 46492 | AC74: 46522
A75: 116 | B75: Instrument, Control & Automation (ICA) | C75: Solenoid Valve | D75: ="MR-"&_xlfn.XLOOKUP(B75, Code!$F:$F, Code!$E:$E, "NA")&"-"&TEXT(A75,"0000") -> MR-I-0116 | E75: Valve | G75: Refer to Process Instrument List | I75: FAT Record Submission Only | K75: 56 | L75: Requisition in Progress | N75: Ricarte | Q75: 46345 | T75: 46405 | W75: =T75+60 -> 46465 | Z75: =AC75-30 -> 46431 | AC75: 46461
A76: 117 | B76: Instrument, Control & Automation (ICA) | C76: Surge Protection Device | D76: ="MR-"&_xlfn.XLOOKUP(B76, Code!$F:$F, Code!$E:$E, "NA")&"-"&TEXT(A76,"0000") -> MR-I-0117 | E76: Instrument | G76: Refer to Process Instrument List | H76: for outdoor. To confirm requirements for spare I/Os. | I76: FAT Record Submission Only | K76: 36 | L76: Requisition in Progress | N76: Ricarte | Q76: 46365 | T76: 46425 | W76: =T76+60 -> 46485 | Z76: =AC76-30 -> 46431 | AC76: 46461
A77: 118 | B77: Instrument, Control & Automation (ICA) | C77: ICA Nameplate | D77: ="MR-"&_xlfn.XLOOKUP(B77, Code!$F:$F, Code!$E:$E, "NA")&"-"&TEXT(A77,"0000") -> MR-I-0118 | E77: EICA Bulk | G77: Refer to Process Instrument List | I77: FAT Record Submission Only | K77: 30 | L77: Not Start | N77: Ricarte | Q77: 46401 | T77: 46461 | W77: =T77+60 -> 46521 | Z77: =AC77-30 -> 46492 | AC77: 46522
A78: 119 | B78: Instrument, Control & Automation (ICA) | C78: EICA Labelling | D78: ="MR-"&_xlfn.XLOOKUP(B78, Code!$F:$F, Code!$E:$E, "NA")&"-"&TEXT(A78,"0000") -> MR-I-0119 | E78: EICA Bulk | G78: Refer to EICA cable tray layout | I78: FAT Record Submission Only | K78: 30 | L78: Not Start | N78: Ricarte | Q78: 46401 | T78: 46461 | W78: =T78+60 -> 46521 | Z78: =AC78-30 -> 46492 | AC78: 46522
A79: 120 | B79: Instrument, Control & Automation (ICA) | C79: Instrument Tubing System | D79: ="MR-"&_xlfn.XLOOKUP(B79, Code!$F:$F, Code!$E:$E, "NA")&"-"&TEXT(A79,"0000") -> MR-I-0120 | E79: EICA Bulk | G79: Refer to ICA tubing system MTO | I79: FAT Record Submission Only | K79: 60 | L79: Not Start | N79: Ricarte | Q79: 46372 | T79: 46432 | W79: =T79+60 -> 46492 | Z79: =AC79-30 -> 46462 | AC79: 46492
A80: 121 | B80: Instrument, Control & Automation (ICA) | C80: Instrument Stanchion Support | D80: ="MR-"&_xlfn.XLOOKUP(B80, Code!$F:$F, Code!$E:$E, "NA")&"-"&TEXT(A80,"0000") -> MR-I-0121 | E80: EICA Bulk | G80: Refer to support list | I80: FAT Record Submission Only | K80: 60 | L80: Not Start | N80: Ricarte | Q80: 46341 | T80: 46401 | W80: =T80+60 -> 46461 | Z80: =AC80-30 -> 46431 | AC80: 46461
A81: 122 | B81: Instrument, Control & Automation (ICA) | C81: EICA Unistrut Support | D81: ="MR-"&_xlfn.XLOOKUP(B81, Code!$F:$F, Code!$E:$E, "NA")&"-"&TEXT(A81,"0000") -> MR-I-0122 | E81: EICA Bulk | G81: Refer to support list | I81: FAT Record Submission Only | K81: 30 | L81: Not Start | N81: Ricarte | Q81: 46313 | T81: 46373 | W81: =T81+60 -> 46433 | Z81: =AC81-30 -> 46403 | AC81: 46433
A82: 123 | B82: Building Services | C82: Fire Protection System | D82: ="MR-"&_xlfn.XLOOKUP(B82, Code!$F:$F, Code!$E:$E, "NA")&"-"&TEXT(A82,"0000") -> MR-B-0123 | E82: Building Service Work Package | I82: FAT Record Submission Only | K82: 60 | L82: Requisition in Progress | N82: Fadil | Q82: 46372 | T82: 46432 | W82: =T82+60 -> 46492 | Z82: =AC82-30 -> 46462 | AC82: 46492
A83: 124 | B83: Building Services | C83: ACMV System | D83: ="MR-"&_xlfn.XLOOKUP(B83, Code!$F:$F, Code!$E:$E, "NA")&"-"&TEXT(A83,"0000") -> MR-B-0124 | E83: Building Service Work Package | I83: FAT Record Submission Only | K83: 60 | L83: Requisition in Progress | N83: Fadil | Q83: 46372 | T83: 46432 | W83: =T83+60 -> 46492 | Z83: =AC83-30 -> 46462 | AC83: 46492
A84: 125 | B84: Building Services | C84: BMS | D84: ="MR-"&_xlfn.XLOOKUP(B84, Code!$F:$F, Code!$E:$E, "NA")&"-"&TEXT(A84,"0000") -> MR-B-0125 | E84: Building Service Work Package | I84: FAT Record Submission Only | K84: 60 | L84: Requisition in Progress | N84: Fadil | Q84: 46402 | T84: 46462 | W84: =T84+60 -> 46522 | Z84: =AC84-30 -> 46492 | AC84: 46522
A85: 126 | B85: Building Services | C85: Air Damper | D85: ="MR-"&_xlfn.XLOOKUP(B85, Code!$F:$F, Code!$E:$E, "NA")&"-"&TEXT(A85,"0000") -> MR-B-0126 | E85: Building Service Work Package | I85: FAT Record Submission Only | K85: 30 | L85: Not Start | N85: Fadil | Q85: 46372 | T85: 46432 | W85: =T85+60 -> 46492 | Z85: =AC85-30 -> 46462 | AC85: 46492
A86: 127 | B86: Building Services | C86: Fire Seal | D86: ="MR-"&_xlfn.XLOOKUP(B86, Code!$F:$F, Code!$E:$E, "NA")&"-"&TEXT(A86,"0000") -> MR-B-0127 | E86: Building Service Work Package | I86: FAT Record Submission Only | K86: 30 | L86: Not Start | N86: Fadil | Q86: 46494 | T86: 46554 | W86: =T86+60 -> 46614 | Z86: =AC86-30 -> 46584 | AC86: 46614
A87: 5 | B87: Design Management | C87: BIM Consultant | D87: ="MR-"&_xlfn.XLOOKUP(B87, Code!$F:$F, Code!$E:$E, "NA")&"-"&TEXT(A87,"0000") -> MR-D-0005 | E87: Design Consultancy Service | F87: All | H87: [2026/10/1] PO#22007 | I87: Not Applicable | K87: 30 | L87: PO Issued, Prepare Vendor Data Submission | M87: Southwest Municipal Engg | N87: Lin Ting | Q87: 46097 | T87: 46157 | V87: 46204 | AC87: 46188
A88: 6 | B88: Design Management | C88: Electrical Consultant | D88: ="MR-"&_xlfn.XLOOKUP(B88, Code!$F:$F, Code!$E:$E, "NA")&"-"&TEXT(A88,"0000") -> MR-D-0006 | E88: Design Consultancy Service | F88: All | H88: [2026/10/1] PO# 21704 | I88: Not Applicable | K88: 30 | L88: PO Issued, Prepare Vendor Data Submission | M88: RES | N88: Ammar | Q88: 46067 | T88: 46127 | V88: 46125 | AC88: 46157
A89: 15 | B89: Mechanical | C89: High Speed Turbo Blower | D89: ="MR-"&_xlfn.XLOOKUP(B89, Code!$F:$F, Code!$E:$E, "NA")&"-"&TEXT(A89,"0000") -> MR-M-0015 | E89: Equipment Package | F89: WIL21 | G89: WIL21 - ILM2 Grit Air Blower (WIL21-024-B-0101/0201/0301) | I89: FAT Record Submission Only | J89: 3 | K89: 280 | L89: Requisition in Progress | N89: Wang Yiqian | Q89: 46182 | T89: 46242 | U89: 46341 | Z89: =AC89-30 -> 46492 | AC89: 46522
A90: 16 | B90: Mechanical | C90: Integrally Geared (Single-Stage Centrifugal) Blower | D90: ="MR-"&_xlfn.XLOOKUP(B90, Code!$F:$F, Code!$E:$E, "NA")&"-"&TEXT(A90,"0000") -> MR-M-0016 | E90: Equipment Package | F90: WIL23 WIL23 | G90: WIL23 - ILM2 Bioreactor Process Aeration Blowers (WIL23-043-B-0101~0801) WIL23 - ILM2 Membrane Air Scour Blowers (WIL23-043-B-1001~1301) | I90: FAT Record Submission Only | J90: 12 | K90: 168 | L90: Requisition in Progress | N90: Wang Yiqian | Q90: 46233 | T90: 46293 | U90: 46341 | W90: =T90-30 -> 46263 | Z90: =AC90-30 -> 46431 | AC90: 46461
A91: 17 | B91: Mechanical | C91: Compressed Air System | D91: ="MR-"&_xlfn.XLOOKUP(B91, Code!$F:$F, Code!$E:$E, "NA")&"-"&TEXT(A91,"0000") -> MR-M-0017 | E91: Equipment Package | F91: WIL23 WIL23 WIL23 | G91: WIL23 - Air Compressor (TBC) WIL23 - Air Dryer (TBC) WIL23 - Air Receiver Tank (TBC) | I91: FAT Record Submission Only | J91: 6 | K91: 168 | L91: Requisition in Progress | N91: Wu Hongqing | Q91: 46296 | T91: 46356 | W91: =T91-30 -> 46326 | Z91: =AC91-30 -> 46494 | AC91: 46524
A92: 18 | B92: Mechanical | C92: PST System | D92: ="MR-"&_xlfn.XLOOKUP(B92, Code!$F:$F, Code!$E:$E, "NA")&"-"&TEXT(A92,"0000") -> MR-M-0018 | E92: Equipment Package | F92: WIL21 WIL21 WIL23 WIL22 WIL22 | G92: WIL21 - ILM2 Intermediate Screens Dewatering Presses (WIL21-021-SW-0301~0501) WIL21 - ILM2 Fine Screens Dewatering Presses (WIL21-022-SW-0301/0401/0501) WIL23 - ILM2 MBR Fine Screens Dewatering Presses (WIL23-041-SCN-0101/0201) WIL22 - ILM2 PST 1/2/3 Lamella Plates (WIL22-034-LPT-0101/0201/0301) WIL22 - ILM2 PST 1/2/3PST Scraper (WIL22-034-SCP-0101/0201/0301) | H92: Include - Dewatering Press and Lamella Plates - Surface Scum Scraper - Skimmer and Bottom Sludge Scrapers | I92: FAT Record Submission Only | J92: 14 | K92: 168 | L92: Pending Vendor Approval | M92: Nova | N92: Fadhli | Q92: 46417 | T92: 46477 | W92: =T92-30 -> 46447 | Z92: =AC92-30 -> 46615 | AC92: 46645
A93: 19 | B93: Process | C93: Diffusers | D93: ="MR-"&_xlfn.XLOOKUP(B93, Code!$F:$F, Code!$E:$E, "NA")&"-"&TEXT(A93,"0000") -> MR-PR-0019 | E93: Misc. Mech Item | F93: WIL21 WIL21 WIL21 WIL23 | G93: WIL21 - ILM2 Grit Tanks Inlet Channel Coarse Bubble Diffuser (WIL21-024-CBD-0201/0301/0302/0501) WIL21 - ILM2 Grit Tanks Outlet Channel Coarse Bubble Diffuser (WIL21-024-CBD-0303/0403/0503/0603) WIL21 - ILM2 Grit Tank 3/4/5 Coarse Bubble Diffusers (WIL21-024-CBD-0302/0402/0502) WIL23 - ILM2 Bioreactor 1~6 Aerobic Zone Fine Bubble Diffuser (NA) | H93: [2026/10/1] PO# 22074 | I93: FAT Record Submission Only | J93: 23 | K93: 140 | L93: PO Issued, Prepare Vendor Data Submission | M93: EDI | N93: Wu Hongqing | Q93: 46202 | T93: 46262 | V93: 46252 | W93: =T93-30 -> 46232 | Z93: =AC93-30 -> 46372 | AC93: 46402
A94: 21 | B94: Mechanical | C94: Lifting Equipment | D94: ="MR-"&_xlfn.XLOOKUP(B94, Code!$F:$F, Code!$E:$E, "NA")&"-"&TEXT(A94,"0000") -> MR-M-0021 | E94: Equipment Package | F94: WIL21 WIL21 WIL21 WIL21 WIL21 WIL21 WIL21 WIL21 WIL21 WIL21 WIL23 WIL23 WIL23 WIL23 WIL23 WIL22 WIL22 WIL22 WIL23 WIL23 WIL23 WIL23 WIL23 WIL23 | G94: WIL21 - ILM2 Intermediate Screens Crane (WIL21-021-CRN-0001) WIL21 - ILM2 Influent Flowmeter Chamber Sump Pump Crane (WIL21-021-CRN-0201) WIL21 - ILM2 Influent Flowmeter Chamber Crane (WIL21-021-CRN-0101) WIL21 - ILM2 Fine Screens Crane (WIL21-022-CRN-0001) WIL21 - ILM2 Grease & Scum Wet Wells Crane (WIL21-024-CRN-0001) WIL21 - ILM2 Grit Tanks Crane (WIL21-024-CRN-0002) WIL21 - ILM2 Grit Pumps Crane (WIL21-024-CRN-0003) WIL21 - ILM2 Grit Tank Inlet Crane 3 (WIL21-024-CRN-0301) WIL21 - ILM2 Grit Tank Inlet Crane 4 (WIL21-024-CRN-0301) WIL21 - ILM2 Grit Tank Inlet Crane 5 (WIL21-024-CRN-0501) WIL23 - ILM2 MBR Fine Screens Crane (WIL23-041-CRN-0001) WIL23 - ILM2 DEOX/RAS Tank 1 Crane (WIL23-047-CRN-0001) WIL23 - ILM2 DEOX/RAS Tank 2 Crane (WIL23-047-CRN-0002) WIL23 - ILM2 Membrane Tanks Crane (WIL23-044-CRN-0001) WIL23 - ILM2 MBR Filtrate Tanks Crane (WIL23-051-CRN-0001) WIL22 - ILM2 PST Lifting Davit Sockets (N.A.) WIL22 - ILM2 Primary Scum Wet Wells Crane (WIL22-026-CRN-0001) WIL22 - ILM2 PST Crane (N.A.) WIL23 - ILM2 Process Air Blowers Crane (WIL23-043-CRN-0001) WIL23 - ILM2 Membrane Air Blowers Crane (WIL23-043-CRN-0002) WIL23 - ILM2 Bioreactor Mixers Mobile Lifting Equipment (N.A.) WIL23 - Mobile Crane (N.A.) WIL23 - ILM2 Bioreactor Lifting Davit Sockets (N.A.) WIL23 - ILM2 Bioreactor Area Pumps Lifting Crane (N.A.) | I94: FAT Record Submission Only | J94: 41 | K94: 140 | L94: Requisition in Progress | N94: Fadhli | Q94: 46292 | S94: 46203 | T94: 46352 | W94: =T94-30 -> 46322 | Z94: =AC94-30 -> 46462 | AC94: 46492
A95: 22 | B95: Mechanical | C95: MFS Membrane | D95: ="MR-"&_xlfn.XLOOKUP(B95, Code!$F:$F, Code!$E:$E, "NA")&"-"&TEXT(A95,"0000") -> MR-M-0022 | E95: Equipment Package | F95: WIL23 | G95: WIL23 - ILM2 MFS Membranes (WIL23-044-MB-(0101-0117) ~ (0901~0917)) | H95: [2026/10/1] PO# 21899 | I95: Witness Point | J95: 9 | K95: 747 | L95: PO Issued, Prepare Vendor Data Submission | M95: Veolia | N95: Wu Hongqing | Q95: 46323 | T95: 46383 | V95: 46188 | W95: =T95-30 -> 46353 | Y95: 46185 | Z95: =AC95-30 -> 46905 | AC95: 46935
A96: 23 | B96: Mechanical | C96: Static Mixer | D96: ="MR-"&_xlfn.XLOOKUP(B96, Code!$F:$F, Code!$E:$E, "NA")&"-"&TEXT(A96,"0000") -> MR-M-0023 | E96: Static Equipment | F96: WIL23 | G96: WIL23 - ILM2 MBR Cleaning Header Mixer 1/2/3/4 (WIL23-044-SMX-0130/0131/0530/0531) | I96: FAT Record Submission Only | J96: 4 | K96: 210 | L96: Requisition in Progress | N96: Fadhli | Q96: 46208 | T96: 46268 | U96: 46341 | W96: =T96-30 -> 46238 | Z96: =AC96-30 -> 46448 | AC96: 46478
A97: 24 | B97: Mechanical | C97: Hyperbolic Mixers | D97: ="MR-"&_xlfn.XLOOKUP(B97, Code!$F:$F, Code!$E:$E, "NA")&"-"&TEXT(A97,"0000") -> MR-M-0024 | E97: Rotating Equipment | F97: WIL23 | G97: WIL23 - ILM2 Bioreactor 1~6 Mixed Liquor Mixer 1/2 (WIL23-042-MXR-0101/0102/0201/0202/0301/0302/0401/0402/0501/0502/0601/0602) | H97: Fix speed, top entry vertical shaft [2026/10/1] PO# 21615 | I97: FAT Record Submission Only | J97: 12 | K97: 180 | L97: PO Issued, Prepare Vendor Data Submission | M97: INVENT UMWELT | N97: Fadhli | Q97: 46313 | T97: 46373 | V97: 46140 | W97: =T97-30 -> 46343 | Y97: 46213 | Z97: =AC97-30 -> 46523 | AC97: 46553
A98: 25 | B98: Mechanical | C98: Surge Vessel and Accumulator | D98: ="MR-"&_xlfn.XLOOKUP(B98, Code!$F:$F, Code!$E:$E, "NA")&"-"&TEXT(A98,"0000") -> MR-M-0025 | E98: Static Equipment | F98: WNS03 WNS03 | G98: WNS03 - NW HH BLADDER SURGE VESSEL (WNS03-063-PV-0101/0201/0301/0401) WNS03 - NW LH BLADDER SURGE VESSEL (WNS03-063-0601/0701) | H98: Including portable air compressor [2026/10/1] PO# 22229 | I98: Third Party Inspection | J98: 6 | K98: 168 | L98: PO Issued, Prepare Vendor Data Submission | M98: SYNCHONG HOE | N98: Fadhli | Q98: 46205 | T98: 46265 | V98: 46282 | W98: =T98-30 -> 46235 | Y98: 46277 | Z98: =AC98-30 -> 46403 | AC98: 46433
A99: 27 | B99: Mechanical | C99: Centrifugal Pump | D99: ="MR-"&_xlfn.XLOOKUP(B99, Code!$F:$F, Code!$E:$E, "NA")&"-"&TEXT(A99,"0000") -> MR-M-0027 | E99: Rotating Equipment | F99: WIL00 WIL21 WIL21 WIL21 WIL22 WIL23 WIL23 WIL23 WIL23 WIL23 WIL23 WIL23 WIL23 WIL23 | G99: WIL00 - ILM2 Plant Water High Pressure Pump 1/2/3 (WIL00-003-P-0201A/B/C) WIL21 - ILM2 Influent Flowmeter Chamber Drainage Sump Pump 1/2 (WIL21-021-P-0101/0102) WIL21 - ILM2 Grit Tank 3/4/5 Pump (WIL21-024-P-0301/0401/0501) WIL21 - ILM Plant Drainage PS Wet Well Compartment 2 Pump 1/2 (WIL21-008-P-0201A/B) WIL22 - ILM2 PST 1/2/3 Primary Sludge Transfer Pump 1/2 WIL23 - ILM2 Bioreactor Drainage Pump 1 (WIL23-042-P-0101) WIL23 - ILM2 WAS Wet Well 1/2 WAS Pump 1/2/3 (WIL23-048-P-0101/0201 A/B/C) WIL23 - ILM2 DEOX/RAS Tank 1/2 RAS Pump 1/2/3 (WIL23-047-P-0101/0102 A/B/C) WIL23 - ILM2 DEOX/RAS Tank Drainage Pump (WIL23-047-P-0110) WIL23 - ILM2 Membrane Cleaning Pump 1/2/5/6 (WIL23-044-P-0101/0201/0501/0601) WIL23 - ILM2 MBR Filtrate Pump 1~14 (WIL23-045-P-0101~0901, 0102/0304/0506/0708/0910Z) WIL23 - ILM2 MBR Filtrate Tank Drainage Pump 1 (WIL23-051-P-0103) WIL23 - ILM2 G2I Pump 1/2/3/4 (WIL23-051-P-0101/0201 A/B) WIL23 - ILM2 Mixed Liquor Return Pump (WIL23-044-P-0121) | H99: Centrifugal Pump Sump Dewatering Pump Recessed Impeller Pump Submersible Screw Induced Flow Submersible Screw Induced Flow Submersible Pump Submersible Pump Submersible Pump Submersible Pump Centrifugal Pump Centrifugal Pump (Closed Impeller) Vertical Turbine Pump Submersible Pump Submersible Pump | I99: FAT Record Submission Only | J99: =3+2+3+2+1+6+1+6+4+14+4+1+6+1 -> 54 | K99: 168 | L99: Requisition in Progress | N99: Wang Yiqian | Q99: 46296 | T99: 46356 | W99: =T99-30 -> 46326 | Z99: =AC99-30 -> 46494 | AC99: 46524
A100: 28 | B100: Mechanical | C100: PC Pump | D100: ="MR-"&_xlfn.XLOOKUP(B100, Code!$F:$F, Code!$E:$E, "NA")&"-"&TEXT(A100,"0000") -> MR-M-0028 | E100: Rotating Equipment | F100: WIL21 WIL22 WIL23 WIL23 | G100: WIL21 - ILM2 Grit Tanks Inlet Sampling Point Pump 1 (WIL21-024-P-1010) WIL22 - ILM2 PSI Transfer Pump 1/2/3/4 (WIL22-035-P-0101/0201/0301/0401) WIL23 - Bioreactor 1/2/3/4/5/6 Sampling Pump 1/2 (WIL23-042-P-0101A/B~0601A/B) WIL23 - ILM2 MBR Filtrate Tank Membrane Filtrate Sampling Pump 1/2 (WIL23-051-P-1001/1002) | H100: Progressive Cavity Pump | I100: FAT Record Submission Only | J100: =1+4+12+2 -> 19 | K100: 140 | L100: Requisition in Progress | N100: Wu Hongqing | Q100: 46261 | T100: 46321 | U100: 46371 | W100: =T100-30 -> 46291 | Z100: =AC100-30 -> 46431 | AC100: 46461
...
